fecha_utc,match_id,ticker,jugador,entrada,contratos,motivo,precio_salida,neto_por_contrato,ganancia_usd,rend_pct
2026-10-08T18:48:06+00:00,17218985,KXATPCHALLENGERMATCH-26OCT08GAUAJD-AJD,Duje Ajduković,0.32,31,valor_justo,0.28,0.2658,-1.68,-16.9
2026-10-08T20:08:11+00:00,17286216,KXITFWMATCH-26OCT08REEMAM-MAM,Edda Mamedova,0.73,13,valor_justo,0.91,0.9038,2.26,23.8
2026-10-09T05:57:49+00:00,17219172,KXWTACHALLENGERMATCH-26OCT08SASKAL-KAL,Elvina Kalieva,0.69,14,liquidacion,1.0,1.0,4.34,44.9
2026-10-09T07:40:38+00:00,17218927,KXATPMATCH-26OCT09BERNAK-NAK,Brandon Nakashima,0.58,17,valor_justo,0.88,0.8724,4.97,50.4
2026-10-09T09:43:15+00:00,17218872,KXATPMATCH-26OCT08DAVBRO-DAV,Alejandro Davidovich Fokina,0.76,13,liquidacion,1.0,1.0,3.12,31.6
2026-10-09T10:51:34+00:00,17218886,KXATPMATCH-26OCT09CERSAF-CER,Francisco Cerundolo,0.54,18,liquidacion,1.0,1.0,8.28,85.2
2026-10-09T11:09:53+00:00,17219141,KXWTACHALLENGERMATCH-26OCT09AKSCRA-AKS,Ayla Aksu,0.57,17,valor_justo,0.86,0.8512,4.78,49.3
2026-10-09T11:46:28+00:00,17278373,KXATPMATCH-26OCT09KHAFER-FER,Arthur Fery,0.41,24,valor_justo,0.8,0.7888,9.09,92.4
2026-10-09T11:55:24+00:00,17278373,KXATPMATCH-26OCT09KHAFER-FER,Arthur Fery,0.42,23,valor_justo,0.34,0.3239,-2.21,-22.9
2026-10-09T14:58:58+00:00,17219138,KXWTACHALLENGERMATCH-26OCT09WALSAK-WAL,Simona Waltert,0.44,22,valor_justo,0.65,0.6336,4.26,44.0
2026-10-09T16:13:20+00:00,17218975,KXATPCHALLENGERMATCH-26OCT09MOLPER-PER,Tiago Pereira,0.24,35,valor_justo,0.44,0.4226,6.39,76.1
2026-10-09T16:46:34+00:00,17219138,KXWTACHALLENGERMATCH-26OCT09WALSAK-WAL,Simona Waltert,0.41,24,liquidacion,0.0,0.0,-9.84,-100.0
2026-10-09T17:05:39+00:00,17218946,KXATPCHALLENGERMATCH-26OCT09LLAMAR-LLA,Pablo Llamas Ruiz,0.39,25,valor_justo,0.27,0.256,-3.35,-34.4
2026-10-09T17:44:12+00:00,17219016,KXATPCHALLENGERMATCH-26OCT09GIUMOR-GIU,Massimo Giunta,0.23,43,valor_justo,0.59,0.573,14.75,149.1
2026-10-10T05:19:16+00:00,17218908,KXATPMATCH-26OCT10UGOAUG-AUG,Felix Auger-Aliassime,0.65,15,valor_justo,0.8,0.7887,2.08,21.3
2026-10-10T05:47:37+00:00,17285617,KXATPMATCH-26OCT08MEDSTR-STR,Jan-Lennard Struff,0.44,22,valor_justo,0.19,0.1791,-5.74,-59.3
